{"490082145369587713":{"kisi":"490082145369587713","banlar":{"sayı":1,"bantarihi":1607366097138},"kayıtlar":{"erkek":0,"kız":0,"sahte":0},"muteler":{"sesmutesi":0,"chatmute":0,"karantina":0},"yetenekler":{"beatboxer":0,"vip":0,"vokal":0,"yazar":0,"yazılım":0,"youteber":0,"ins":0,"ressam":0,"voceactor":0,"dj":0,"sevgilimvar":0,"meltal":0},"cezalar":{"esmutesi":0,"chatmute":0,"karantina":0},"isim":0},"384221653648801802":{"kisi":"384221653648801802","banlar":{"sayı":1,"bantarihi":1607341875541},"kayıtlar":{"erkek":0,"kız":0,"sahte":0},"muteler":{"sesmutesi":0,"chatmute":0,"karantina":0},"yetenekler":{"beatboxer":0,"vip":0,"vokal":0,"yazar":0,"yazılım":0,"youteber":0,"ins":0,"ressam":0,"voceactor":0,"dj":0,"sevgilimvar":0,"meltal":0},"cezalar":{"esmutesi":0,"chatmute":0,"karantina":0},"isim":0}}