{
    "forbidden": "795408508438577202",
    "prisoner": "795409294417461288",
    "suspicious": "795408980079542282",
    "welcome": "795403349615837190",
    "ast-bot": "XXXXXXXXXXXXXXX",
    "ast-entry": "XXXXXXXXXXXXXXX",
    "ast-invite": "XXXXXXXXXXXXXXX",
    "ast-kick": "XXXXXXXXXXXXXXX",
    "stat-warn": "XXXXXXXXXXXXXXX",
    "grd-kanal": "XXXXXXXXXXXXXXX",
    "grd-izin": "XXXXXXXXXXXXXXX",
    "grd-rol": "XXXXXXXXXXXXXXX",
    "grd-emoji": "XXXXXXXXXXXXXXX",
    "grd-sunucu": "XXXXXXXXXXXXXXX",
    "cmd-registry": "XXXXXXXXXXXXXXX",
    "cmd-mod": "XXXXXXXXXXXXXXX",
    "blogs": "XXXXXXXXXXXXXXX",
    "st_public": "795403349910487047",
    "st_private": "795403350606479420",
    "st_registry": "795403349615837188",
    "st_prison": "795409186913648680",
    "st_crew": "836881099945934849",
    "st_stream": "XXXXXXXXXXXXXXX",
    "itiraf": "XXXXXXXXXXXXXXX",
    "counter": "XXXXXXXXXXXXX",
    "datalog": "XXXXXXXXXXXXXXX",
    "backup": "XXXXXXXXXXXXXXX",
    "guard": "XXXXXXXXXXXXXX",
    "registry": "XXXXXXXXXXX",
    "kde": "XXXXXXXXXXXX",
    "mesajlog": "836880896798883850",
    "voicelog": "836880896798883850"
}